village_name,english_sentence,telugu_sentence,english_telugu_sentence
Peddapur,  Peddapur is renowned for its lush greenery.,  ?????????? ??????????? ????????? ????????.,  Pedd?p?r paccadan?niki prasid'dhi cendindi.
Gurrampet,  Gurrampet is known for its vibrant culture.,  ????????? ???? ??????????? ?????????? ????????? ????????.,  Gurramp??a d?ni ?aktivantamaina sanskr?tiki prasid'dhi cendindi.
Adavirangapur,  Adavirangapur is famous for its ancient temples.,  ???????????? ?????? ?????????? ?????????.,  A?avira?g?p?r pur?tana d?v?lay?laku prasid'dhi.
Venkateshwarlapally,   Venkateshwarlapally is celebrated for its historic monuments.,   ????????????????? ???????? ??????? ???? ????????????.,   Ve?ka???varlapalli c?ritraka ka??a??la k?sa? jarupuku???ru.
Thimmapur,   Thimmapur is cherished for its picturesque landscapes.,   ?????????? ???? ???????? ??????? ????????? ??????????????????.,   Tim'm?p?r d?ni sundaramaina prakr?ti dr??y?laku prati???tmakamainadi.
Laxmidevipet,   Laxmidevipet is esteemed for its rich heritage.,   ?????????????? ???? ????? ???????? ???? ?????????????.,   Lak?m?d?vip??a d?ni goppa v?rasatva? k?sa? gauravin?caba?indi.
RamanathPalli,   RamanathPalli is recognized for its peaceful atmosphere.,   ??????? ????? ?????????? ???????????? ????????? ????????.,   R?man?th palli pra??ntamaina v?t?vara??niki gurtimpu pondindi.
Patwaripally,   Patwaripally is renowned for its delicious cuisine.,   ???????????? ???? ????????? ???????? ????????? ????????.,   Pa?v?ripalli d?ni rucikaramaina va??ak?laku prasid'dhi cendindi.
Boorgupet,   Boorgupet is famous for its thriving agriculture.,   ?????????? ???? ????????? ?????????? ???????????? ????????? ????????.,   B?rgup?? d?ni abhivr?d'dhi cendutunna vyavas?y?niki prasid'dhi cendindi.
Bayyakkapet,    Bayyakkapet is known for its bustling markets.,    ?????????? ??????? ???? ??????????? ?????????.,    Bayyakkap??a sanda?ig? u??? m?rke?laku prasid'dhi.
Narlapur,    Narlapur is celebrated for its talented artisans.,    ?????????? ?????????????? ???????? ???? ????????????.,    N?rl?p?r pratibh?vantulaina ka??k?rula k?sa? jarupuku???ru.
Kaalvapalli,    Kaalvapalli is cherished for its tranquil lakes.,    ?????????? ???? ?????????? ??????? ???? ???? ?????????.,    K?lvapalli d?ni pra??ntamaina saras'sula k?sa? ent? viluvainadi.
Medaram,   Medaram is esteemed for its grand festivals.,   ?????? ???? ????? ???????? ????? ????????.,   M???ra? d?ni goppa pa??ugalaku gaurava? pondindi.
Thupaakulagoodem,   Thupaakulagoodem is recognized for its traditional dance forms.,   ???????????? ???? ????????? ????? ??????? ????????? ????????.,   Tup?kulag??e? d?ni s?mprad?ya nr?tya r?p?laku gurtimpu pondindi.
Kannayigudem,   Kannayigudem is renowned for its historical significance.,   ???????????? ???? ???????? ???????????? ????????? ????????.,   Kann?yig??e? d?ni c?ritraka pr?mukhyataku prasid'dhi cendindi.
Chityala,    Chityala is famous for its handloom industry.,    ??????? ????? ????????? ?????????.,    Ci?y?la c?n?ta pari?ramaku prasid'dhi.
Bhupatipur,   Bhupatipur is known for its strong community bonds.,   ????????? ????? ????????? ??????? ????????? ????????.,   Bh?patip?r balamaina kamy?ni?? bandh?laku prasid'dhi cendindi.
MuppanaPalli,    MuppanaPalli is celebrated for its vibrant festivals.,    ??????????? ???? ????????????? ???????? ????????????.,    Muppanapalli d?ni uts?habharitamaina pa??ugalaku jarupuku???ru.
Buttayigudem,    Buttayigudem is cherished for its warm hospitality.,    ????????????? ??????????? ???? ???? ????????.,    Bu???yig??e? ?tithy?niki ent? ?dara?a pondindi.
Chintagudem,    Chintagudem is esteemed for its breathtaking natural beauty.,    ????????? ???? ????????????? ??????? ???????????? ????????? ????????.,    Cintag??e? d?ni utka??habharitamaina prakr?ti saundary?niki prasiddi cendindi.
AilaaPur,    AilaaPur is recognized for its dynamic business environment.,    ??????? ???? ??????? ??????? ???????????? ????????? ????????.,    Ail?p?r d?ni ?ainamik vy?p?ra v?t?vara??niki gurtimpu pondindi.
Eturu,    Eturu is famous for its traditional art forms.,    ????? ???????? ?????????? ?????????.,    ???ru samprad?ya ka??r?p?laku prasid'dhi.
Kanthanpalli,   Kanthanpalli is renowned for its ancient heritage.,   ??????????? ?????? ???????????? ????????? ????????.,   Ka??han?palli pur?tana v?rasatv?niki prasid'dhi cendindi.
Chelpaaka,    Chelpaaka is celebrated for its traditional music.,    ??????? ???? ????????? ?????????? ????????????.,    Celp?ka d?ni s?mprad?ya sa?g?t?niki jarupuku???ru.
AlliwariGhanpur,   AlliwariGhanpur is known for its fertile farmlands.,   ????????? ?????? ????????? ??????? ??????? ?????????.,   Alliv?ri gha?ap?r s?ravantamaina vyavas?ya bh?mulaku prasid'dhi.
Malyaala,    Malyaala is cherished for its vibrant festivals.,    ???????? ???? ????????????? ?????? ???? ???? ????????????.,    M?ly?l? d?ni uts?habharitamaina pa??ugala k?sa? ent? i??apa?utundi.
Dodla Kothur,   Dodla Kothur is esteemed for its delectable sweets.,   ????? ???????? ???? ??????????? ???? ???? ?????????????.,   Do?la kott?r d?ni ?hl?dakaramaina t?pi k?sa? gauravin?caba?indi.
Shankar Rajupalli,   Shankar Rajupalli is recognized for its strong educational institutions.,   ????? ????????? ????? ?????????????? ????????? ????????.,   ?a?kar r?jupalli balamaina vidy?sansthalaku gurtimpu pondindi.
Mullakatta,    Mullakatta is famous for its scenic beauty.,    ????????? ???? ??????? ???????????? ????????? ????????.,    Mullaka??a d?ni prakr?ti saundary?niki prasid'dhi cendindi.
Rohir,   Rohir is celebrated for its rich folklore.,   ?????? ???? ????? ????? ??? ???? ????????????.,   R?hir d?ni goppa j?napada kathala k?sa? jarupuku???ru.
Eturunagaram,   Eturunagaram is renowned for its wildlife sanctuary.,   ??????????? ???? ??????????? ????????????? ????????? ????????.,   ???run?g?ra? d?ni van'yapr??ula abhay?ra?y?niki prasid'dhi cendindi.
Akulavari Ghanapuram,   Akulavari Ghanapuram is cherished for its traditional handicrafts.,   ???????? ?????? ???? ????????? ????????? ???? ???? ????????.,   ?kulav?ri ghanapura? d?ni s?mprad?ya hastaka?alaku ent? ?dara?a pondindi.
Ekkela,    Ekkela is known for its serene lakes,    ?????? ????????? ????????? ?????????,    Ekkela nirmalamaina saras'sulaku prasid'dhi
Sha Palli,    Sha Palli is esteemed for its ancient ruins.,    ? ????? ???? ?????? ??????? ???? ????????? ????????.,    ?a palli d?ni pur?tana ?idhil?la k?sa? prasiddi cendindi.
Chinnaboyinapalli,    Chinnaboyinapalli is recognized for its vibrant cultural heritage.,    ??????????????? ???? ??????????? ?????????? ???????????? ????????? ????????.,    Cinnab?yinapalli d?ni ?aktivantamaina s?nskr?tika v?rasatv?niki gurtimpu pondindi.
Padigaapur,    Padigaapur is famous for its vibrant markets.,    ????????? ???? ??????????? ???????????? ????????? ????????.,    Pa?ig?p?r d?ni ?aktivantamaina m?rke??laku prasid'dhi cendindi.
Vengalaapur,    Vengalaapur is celebrated for its historical significance.,    ?????????? ???? ???????? ?????????? ???? ????????????.,    Ve?ga??p?r d?ni c?ritraka pr?mukhyata k?sa? jarupuku???ru.
Mutthapur,    Mutthapur is renowned for its scenic beauty.,    ?????????? ???? ???????? ???????? ????????? ????????.,    Mutt?p?r d?ni sundaramaina and?niki prasid'dhi cendindi.
Raghavapatnam,    Raghavapatnam is cherished for its serene beaches.,    ????????? ???? ????????? ???????? ???? ???? ????????.,    R?ghavapa?na? d?ni nirmalamaina b?c?laku ent? ?dara?a pondindi.
Thadwai,    Thadwai is known for its traditional craftsmanship.,    ???????? ???? ????????? ???????? ????????? ????????.,    T??v?yi d?ni s?mprad?ya hastaka?aku prasid'dhi cendindi.
Kondaparthi,   Kondaparthi is esteemed for its spiritual retreats.,   ????????? ???? ?????????? ??????????? ????????????.,   Ko??aparti d?ni ?dhy?tmika tir?gaman?laku gauravan?yamainadi.
Lavvala,    Lavvala is recognized for its traditional dance forms.,    ????? ????????? ????? ??????? ????????? ????????.,    Lavvala s?mprad?ya nr?tya r?p?laku gurtimpu pondindi.
PasraNagaaram,    PasraNagaaram is famous for its ancient temples.,    ????????? ???? ?????? ?????????? ????????? ????????.,    Pasr?nagara? d?ni pur?tana d?v?lay?laku prasid'dhi cendindi.
Rangapur,    Rangapur is celebrated for its vibrant festivals.,    ???????? ???? ??????????? ?????? ???? ????????????.,    Ra?g?p?r d?ni ?aktivantamaina pa??ugala k?sa? jarupuku???ru.
GovindaraoPeta,   GovindaraoPeta is renowned for its historical monuments.,   ????????????? ???????? ????????? ????????? ????????.,   G?vindar?vup??a c?ritraka ka??a??laku prasid'dhi cendindi.
Gandhinagar,    Gandhinagar is cherished for its peaceful ambiance.,    ??????????? ???? ???????? ???????? ???? ???? ?????????????.,    ??G?ndh?nagar d?ni ??ntiyuta v?t?vara?a? k?sa? ent? gauravin?caba?indi.
Moddula Gudem,    Moddula Gudem is known for its rich agricultural heritage.,    ??????? ????? ???? ????? ??????? ???????????? ????????? ????????.,    Moddula g??e? d?ni goppa vyavas?ya v?rasatv?niki prasid'dhi cendindi.
Karlapalli,    Karlapalli is esteemed for its traditional craftsmanship.,    ????????? ???? ????????? ??????? ???????????? ????????? ????????.,    Karlapalli d?ni s?mprad?ya hastaka?? naipu?y?niki prasid'dhi cendindi.
Laxmipur,   Laxmipur is recognized for its scenic beauty.,   ??????????? ???? ???????? ???????? ????????? ????????.,   Lak?m?p?r d?ni sundaramaina and?niki gurtimpu pondindi.
Sandragudem,Sandragudem is known for its tranquil surroundings.,  ?????????? ?????????? ????????? ?????????.,  Sa??rag??e? pra??ntamaina parisar?laku prasid'dhi.
Balajinagar,Balajinagar is celebrated for its vibrant community.,  ?????????? ???? ??????????? ???? ???? ????????????.,  B?l?j?nagar d?ni ?aktivantamaina sa?gha? k?sa? jarupuku???ru.
Dumpelligudem,Dumpelligudem is cherished for its serene environment.,  ?????????????? ?????????? ???????????? ???? ???? ????????.,  ?umpellig??e? pra??ntamaina v?t?vara??niki ent? ?dara?a pondindi.
Ramnagar,Ramnagar is renowned for its historical significance.,  ??????? ???? ???????? ???????????? ????????? ????????.,  R?nnagar d?ni c?ritraka pr?mukhyataku prasid'dhi cendindi.
Laknavaram Kotagadda,Laknavaram Kotagadda is famous for its picturesque lake.,  ??????? ??????? ???????? ???????? ?????????.,  Laknavara? k??aga??a sundaramaina saras'suku prasid'dhi.
Bussaapur,Bussaapur is known for its bustling markets.,  ?????????? ??????? ???? ???????????? ?????????.,  Bus's?p?r sanda?ig? u??? m?rke??laku prasid'dhi.
Chalvaayi,Chalvaayi is esteemed for its fertile farmlands.,  ??????? ???? ????????? ??????? ??????? ?????????????.,  Calv?yi d?ni s?ravantamaina vyavas?ya bh?mulaku gauravin?caba?indi.
Somalgadda,Somalgadda is recognized for its peaceful ambiance.,  ???????? ???????? ???????????? ????????? ????????.,  S?malaga??a ??ntiyuta v?t?vara??niki gurtimpu pondindi.
Machchapur,Machchapur is celebrated for its abundance of fish.,  ????????? ???? ??????? ???? ????????????.,  Macc?p?r c?pala samr?d'dhi k?sa? jarupuku???ru.
Venkatapur,Venkatapur is cherished for its spiritual significance.,   ?????????? ???? ?????????? ?????????? ???? ???? ?????????????.,   Ve?ka??p?r d?ni ?dhy?tmika pr?mukhyata k?sa? ent? gauravin?caba?indi.
Lingapur,Lingapur is renowned for its ancient heritage.,   ????????? ?????? ???????????? ????????? ????????.,   Li?g?p?r pur?tana v?rasatv?niki prasid'dhi cendindi.
Jewaharnagar,Jewaharnagar is known for its industrious population.,   ??????????? ???? ??????????? ????????? ????????.,   Jevahar?nagar d?ni ?ramaj?vulaku prasid'dhi cendindi.
EllareddyPalli,EllareddyPalli is esteemed for its rich cultural heritage.,   ???????????????? ???? ????? ?????????? ???????? ???? ?????????????.,   Ell?re??ipalli d?ni goppa s?nskr?tika v?rasatva? k?sa? gauravin?caba?indi.
Nallakunta,Nallakunta is famous for its educational institutions.,   ???????? ?????????????? ?????????.,   Nallaku??a vidy?sansthalaku prasid'dhi.
Palampeta,Palampeta is celebrated for its scenic beauty.,   ??????? ???? ???????? ???? ???? ????????????.,   P?lamp??a d?ni sundaramaina anda? k?sa? jarupuku???ru.
Ramanjapur,Ramanjapur is renowned for its grand festivals.,   ????????? ????? ???????? ????????? ????????.,   R?man?jap?r goppa pa??ugalaku prasid'dhi cendindi.
Narayanagiripally,Narayanagiripally is cherished for its serene atmosphere.,   ??????????????? ???? ?????????? ???????????? ???? ???? ????????.,   N?r?ya?agiripalli d?ni pra??ntamaina v?t?vara??niki ent? ?dara?a pondindi.
Papaiahpally,Papaiahpally is recognized for its warm hospitality.,   ??????????? ???? ??????? ??????????? ????????? ????????.,   P?payyapalli d?ni veccani ?tithy?niki gurtimpu pondindi.
Singarakuntapalli,Singarakuntapalli is known for its beautiful gardens.,   ?????????????? ?????? ?????? ?????????.,   Si?garaku??apalli andamaina t??alaku prasid'dhi.
Keshavapur,Keshavapur is famous for its historic monuments.,   ????????? ???????? ????????? ?????????.,   K??av?p?r c?ritraka ka??a??laku prasid'dhi.
Shatharajupally,Shatharajupally is celebrated for its religious fervor.,   ???????????? ???? ??????? ??????? ???? ????????????.,   ??tar?jupalli d?ni mataparamaina uts?ha? k?sa? jarupuku???ru.
Rajeshwararaopally,Rajeshwararaopally is renowned for its cultural richness.,   ????????????????? ???? ?????????? ???????????? ????????? ????????.,   R?j??varar?vupalli d?ni s?nskr?tika goppatan?niki prasid'dhi cendindi.
Inchen Chevupally,Inchen Chevupally is cherished for its scenic vistas.,   ?????? ????????? ???? ???????? ????????? ???? ???? ????????.,   In?cen cevupalli d?ni sundaramaina dr??y?laku ent? ?dara?a pondindi.
Incherla,Incherla is esteemed for its traditional craftsmanship.,   ?????? ????????? ??????? ???????????? ????????? ????????.,   In?carla s?mprad?ya hastaka?? naipu?y?niki gurtimpu pondindi.
Barigalonipally,Barigalonipally is recognized for its agricultural prowess.,   ????????????? ??????? ???????????? ????????? ????????.,   Barigal?nipalli vyavas?ya naipu?y?niki gurtimpu pondindi.
JangaalaPalli,JangaalaPalli is famous for its dense forests.,   ?????????? ??????? ??????? ?????????.,   Ja?g?lapalli da??amaina a?avulaku prasid'dhi.
Banjarupally,Banjarupally is celebrated for its vibrant festivals.,   ?????????? ???? ????????????? ???????? ????????????.,   Ban?jarupalli d?ni uts?habharitamaina pa??ugalaku jarupuku???ru.
Mulug,Mulug is renowned for its natural reserves.,   ?????? ???? ??? ???????? ????????? ????????.,   Mulug d?ni sahaja nilvalaku prasid'dhi cendindi.
Bandarupally,Bandarupally is known for its riverside beauty.,   ??????????? ?????? ???????????? ?????????.,   Ba???rupalli nad?t?ra saundary?niki prasid'dhi.
Jaakaaram,Jaakaaram is cherished for its cultural heritage.,   ?????? ???? ?????????? ???????? ???? ??????????????????.,   J?k?ra? d?ni s?nskr?tika v?rasatva? k?sa? prati???tmakamainadi.
Abbapur,Abbapur is esteemed for its spiritual retreats.,   ????????? ???? ?????????? ??????????? ????????? ????????.,   Abb?p?r d?ni ?dhy?tmika tir?gaman?laku prasid'dhi cendindi.
Mallampalli,Mallampalli is recognized for its religious significance.,   ?????????? ??????? ?????????? ???? ??????????????.,   Mallampalli mataparamaina pr?mukhyata k?sa? gurtin?caba?indi.
Devanagar,Devanagar is famous for its religious festivals.,   ??????? ??????? ???????? ????????? ????????.,   D?vanagar mataparamaina pa??ugalaku prasid'dhi cendindi.
Mahammad Gousepalli,Mahammad Gousepalli is celebrated for its cultural diversity.,   ??????? ????????? ?????????? ???????? ???? ????????????.,   Maham'mad gaus?palli s?nskr?tika vaividhya? k?sa? jarupuku???ru.
Ramchandrapuram,Ramchandrapuram is renowned for its historic monuments.,   ???????????? ???????? ????????? ????????? ????????.,   R?macandrapura? c?ritraka ka??a??laku prasid'dhi cendindi.
Chandru Thanda,Chandru Thanda is known for its scenic beauty.,   ?????? ????? ???? ???????? ???????? ????????? ????????.,   Candru t???? d?ni sundaramaina and?niki prasid'dhi cendindi.
GurthurThanda,GurthurThanda is cherished for its lush greenery.,   ????????????? ???? ??????? ???? ???? ????????????.,   Gurt?rt???? d?ni paccadana? k?sa? ent? i??apa?utundi.
Pandikunta,Pandikunta is recognized for its natural springs.,   ???????? ???? ??? ???? ???????? ????????? ????????.,   Pandiku??a d?ni sahaja n??i buggalaku gurtimpu pondindi.
Bhoopalnagar,Bhoopalnagar is famous for its historical significance.,   ?????? ???? ???? ???????? ???????????? ????????? ????????.,   Bh?p?l nagar d?ni c?ritraka pr?mukhyataku prasid'dhi cendindi.
Pathipalli,Pathipalli is celebrated for its rich cultural heritage.,   ?????????? ???? ????? ?????????? ???????? ???? ????????????.,   Pattipalli d?ni goppa s?nskr?tika v?rasatva? k?sa? jarupuku???ru.
Devagiripatnam,Devagiripatnam is renowned for its spiritual significance.,   ???????????? ?????????? ???????????? ????????? ????????.,   D?vagiripa?na? ?dhy?tmika pr?mukhyataku prasid'dhi cendindi.
Madanapalli,Madanapalli is known for its educational institutions.,   ???????? ?????????????? ?????????.,   Madanapalli vidy?sansthalaku prasid'dhi.
Jaggannapeta,Jaggannapeta is cherished for its religious fervor.,   ?????????? ???? ??????? ??????? ???? ???? ??????????????????.,   Jaggannap??a d?ni mataparamaina utsukata k?sa? ent? prati???tmakamainadi.
Kashindevipeta,Kashindevipeta is esteemed for its historic temples.,   ???????????? ???????????? ?????????? ????????? ????????.,   K???nd?vip??a c?ritr?tmaka d?v?lay?laku prasid'dhi cendindi.
Kannayagudem,Kannayagudem is recognized for its fertile farmlands.,   ??????????? ???? ????????? ??????? ??????? ????????? ????????.,   Kann?yag??e? d?ni s?ravantamaina vyavas?ya bh?mulaku gurtimpu pondindi.
kothur,Kothur is famous for its traditional craftsmanship.,   ?????????? ????????? ???????? ????????? ????????.,   ??Kott?r s?mprad?ya hastaka?aku prasid'dhi cendindi.
Panchothukulapally,Panchothukulapally is celebrated for its vibrant festivals.,   ?????????????? ???? ????????????? ???????? ????????????.,   Pan?c?tukulapalli d?ni uts?habharitamaina pa??ugalaku jarupuku???ru.
Rayinigudem,Rayinigudem is renowned for its scenic beauty.,   ??????????? ???? ???????? ??????? ????????? ????????.,   R?yinig??e? d?ni sundaramaina and?laku prasid'dhi cendindi.
Potlapur,Potlapur is known for its agricultural prosperity.,   ????????? ??????? ??????????? ?????????.,   Po?lap?r vyavas?ya ?r?yas'suku prasid'dhi.
Pegadapalli,Pegadapalli is cherished for its warm hospitality.,   ????????? ???? ??????? ??????????? ??????????????????.,   Pega?apalli d?ni veccani ?tithy?niki prati???tmakamainadi.
Sarvapur,Sarvapur is esteemed for its natural beauty.,   ????????? ???? ??? ???????????? ????????? ????????.,   Sarv?p?r d?ni sahaja saundary?niki prasiddi cendindi.
AakinaPalliMallaram , AakinaPalliMallaram stands tall with its grand temples., ????????? ??????? ???? ????? ?????????? ????????., ?kinapalli mall?ra? d?ni goppa d?v?lay?lat? ettainadi.
Ankannagoodem,  Ankannagoodem is a peaceful village in the countryside.,  ??????????? ????????? ?????????? ??????.,
Bittupalli,  Bittupalli is known for its lush green landscapes.,  ??????????? ?????? ??????? ????????? ?????????.,  Bi??upalli paccani prakr?ti dr??y?laku prasid'dhi.
Bandaala,  Bandaala boasts traditional architecture and friendly locals.,  ?????? ????????? ???????????? ????? ??????????? ??????????? ????? ????.,  Ba???l? s?mprad?ya v?stu?ilpa? mariyu sn?hap?rvaka sth?nikulanu kaligi undi.
Narsapur,  Narsapur is a bustling town with markets full of fresh produce.,  ????????? ???? ??????????? ?????? ???????????? ??????? ???? ??????.,  Nars?p?r t?j? utpattulat? ni??ina m?rke??lat? sanda?ig? u??? pa??a?a?.
Katapur,  Katapur is famous for its historical monuments.,  ???????? ???????? ????????? ?????????.,  K???p?r c?ritraka ka??a??laku prasid'dhi.
Shivvapur,  Shivvapur is nestled amidst scenic hills.,  ???????? ???????? ????? ???? ????.,  ?iv?p?r sundaramaina ko??ala madhya undi.
Gogupalli,  Gogupalli is renowned for its vibrant cultural festivals.,  ????????? ???? ??????????? ?????????? ????????? ????????? ????????.,  G?gupalli d?ni ?aktivantamaina s?nskr?tika utsav?laku prasid'dhi cendindi.
Koyaguda Yellapur,  Koyaguda Yellapur is a quaint village surrounded by fields.,  ?????? ????????? ????? ?????? ???? ?????????? ??????.,  K?yag??a ell?p?r pol?la cu??? unna vicitramaina gr?ma?.
Kamalapur,  Kamalapur is a charming hamlet with a serene atmosphere.,  ???????? ?????????? ?????????? ???????? ????????.,  Kamal?p?r pra??ntamaina v?t?vara?ant? man?haramaina kugr?ma?.
Podumur,   Podumur offers breathtaking views of the surrounding countryside.,   ???????? ??????????? ??????? ???????? ????????????? ????????? ???????????.,   Podum?ru cu??upakkala gr?m??a pr?nt?la utka??habharitamaina dr??y?lanu andistundi.
KomatiPalli,   KomatiPalli is known for its rich cultural heritage.,   ?????????? ????? ?????????? ???????????? ?????????.,   K?ma?ipalli goppa s?nskr?tika v?rasatv?niki prasid'dhi.
KothuruMotlagudem,   KothuruMotlagudem is a picturesque village by the river.,   ?????????????????? ??? ?????? ???? ???????? ??????.,   Kott?rumo?lag??e? nadi o??una unna sundaramaina gr?ma?.
Cherupalli,   Cherupalli is a tranquil retreat away from the city hustle.,   ????????? ???? ??????? ?????? ?????????? ??????? ???????.,   Cerupalli nagara? radd?ki d?ra?g? pra??ntamaina tir?gamana prad??a?.
Buchchampeta,   Buchchampeta is a hidden gem waiting to be explored.,   ????????? ??????? ???? ???? ???? ????? ?????.,   Buccamp??a anv??a?a k?sa? v?ci unna d?cina ratna?.
Balanna Gudem,   Balanna Gudem is a close-knit community with a warm spirit.,   ?????? ????? ?? ????????? ?????? ???????? ?????.,   B?lanna g??e? oka ?tm?yamaina ?tmat? sannihita sam?ja?.
Narsigudem,   Narsigudem is a perfect destination for nature lovers.,   ??????? ??????????? ?????????? ???? ??????????.,   Prakr?ti pr?mikulaku narsig??e? saraina gamyasth?na?.
ThimmamPeta,   ThimmamPeta is famous for its delicious local cuisine.,   ????????? ????????? ??????? ???????? ????????? ????????.,   Tim'mamp??a rucikaramaina sth?nika va??ak?laku prasid'dhi cendindi.
Malluru,   Malluru is a charming village with friendly inhabitants.,   ??????? ??????????? ????????? ???????? ??????.,   Mall?ru sn?hap?rvaka niv?sulat? man?haramaina gr?ma?.
KothaMalluru,   KothaMalluru is a serene getaway surrounded by nature.,   ???????????? ????????? ??????????????? ????????? ???????.,   Kottamall?ru prakr?tit? cu??umu??aba?ina nirmalamaina prad??a?.
ChunchuPalli,   ChunchuPalli is known for its religious festivals and rituals.,   ?????????? ???? ??????? ??????? ????? ???????? ????????? ????????.,   Cun?cupalli d?ni mataparamaina pa??ugalu mariyu ?c?r?laku prasid'dhi cendindi.
Vadagudem,   Vadagudem is a peaceful enclave away from the urban chaos.,   ??????? ????? ???????????? ?????? ?????????? ??????????.,   Va?ag??e? pa??a?a gandarag???niki d?ra?g? pra??ntamaina en?kl?v.
RamanakkaPeta,   RamanakkaPeta is a haven for birdwatchers and nature enthusiasts.,   ????????? ?????? ??????????? ????? ??????? ????????? ??????????.,   Rama?akkap??a pak?ula pari??lakulaku mariyu prakr?ti priyulaku svargadh?ma?.
AakinaPalliMallaram,   AakinaPalliMallaram is a quaint village with a rich history.,   ????????? ??????? ????? ?????? ?????? ?????????? ??????.,   ?kinapalli mall?ra? goppa caritra kaligina vicitramaina gr?ma?.
Brahmanapally,   Brahmanapally is known for its traditional arts and crafts.,   ????????????? ????????? ???? ????? ?????????? ????????? ????????.,   Br?hma?apalli s?mprad?ya ka?alu mariyu c?tipanulaku prasid'dhi cendindi.
RamachandruniPeta,   RamachandruniPeta is a picturesque village nestled in the hills.,   ?????????????? ????? ???? ???? ?? ???????? ??????.,   R?macandrunip??a ko??ala madhya unna oka sundaramaina gr?ma?.
Vagoddugudem,   Vagoddugudem offers stunning views of the sunset over the river.,   ????????????? ????? ???????????? ????? ????????? ????????? ???????????.,   V?go??ug??e? nadipai s?ry?stamaya? yokka adbhutamaina dr??y?lanu andistundi.
Raju Peta,   Raju Peta is famous for its ancient temples and shrines.,   ???? ??? ?????? ????????? ????? ???????????????? ????????? ????????.,   R?ju p??a pur?tana d?v?lay?lu mariyu pu?yak??tr?laku prasid'dhi cendindi.
NarsimhaSagar,   NarsimhaSagar is a serene reservoir perfect for picnics.,   ???????????? ???????????? ?????? ????????? ??????????.,   Narsinhas?gar piknik?laku anuvaina nirmalamaina rijarv?yar.
Puredupally,   Puredupally is a bustling town with vibrant markets.,   ??????????? ??????????? ???????????? ??????? ???? ??????.,   Pur??upalli ?aktivantamaina m?rke??lat? sanda?ig? u??? pa??a?a?.
Domeda,   Domeda is a tranquil village surrounded by lush greenery.,   ????? ????????? ??????????????? ?????????? ??????.,   D?me?a paccadanant? cu??umu??aba?ina pra??ntamaina gr?ma?.
Nimmagudem,   Nimmagudem is a charming hamlet known for its hospitality.,   ?????????? ??????????? ????????? ?????? ???????? ????????.,   Nim'mag??e? ?tithy?niki prasid'dhi cendina man?haramaina kugr?ma?.
RangaaPur,   RangaaPur is a quaint village with a rich cultural heritage.,   ??????? ????? ?????????? ???????? ?????? ?????????? ??????.,   Ra?gap?r goppa s?nskr?tika v?rasatva? kaligina vicitramaina gr?ma?.
BeeRellli,   BeeRellli is a serene retreat amidst rolling hills.,   ???????? ????? ???? ?????????? ????????.,   B?relli ko??ala madhya pra??ntamaina tir?gamana?.
PambaPur,   PambaPur is a picturesque village with colorful gardens.,   ??????? ????????? ?????? ????? ???????? ??????.,   Pambap?r ra?gura?gula t??alat? k??ina sundaramaina gr?ma?.
DameraVaayi,   DameraVaayi is a scenic spot popular for hiking and camping.,   ????????? ??????? ????? ?????????? ???? ????????? ?????? ???????? ???????.,   D?merav?yi haiki?g mariyu ky?mpi?g k?sa? prasid'dhi cendina sundaramaina prad??a?.
BolllePalli,   BolllePalli is a tranquil village with friendly locals.,   ??????????? ??????????? ??????????? ?????????? ??????.,   Bollepalli sn?hap?rvaka sth?nikulat? pra??ntamaina gr?ma?.
Lingaala,   Lingaala is a hidden gem off the beaten path.,   ?????? ????? ????????? ???????? ??????? ?????.,   Li?g?la an?di ko??aba?ina m?rganl? d?caba?ina ratna?.
Madagudem,   Madagudem is known for its beautiful waterfalls and forests.,   ???????? ???? ?????? ???????? ????? ??????? ????????? ????????.,   M??ag??e? d?ni andamaina jalap?t?lu mariyu a?avulaku prasid'dhi cendindi.
Dubbagudem,   Dubbagudem is a peaceful hamlet perfect for relaxation.,   ?????????? ??????????? ???? ?????????? ????????.,   Dubbag??e? vi?r?ntiki saraina pra??ntamaina kugr?ma?.
Kamaram,   Kamaram is a charming village known for its traditional music and dance.,   ???? ????????? ?????? ????? ?????????? ????????? ?????? ?? ???????? ??????.,   Kamara? s?mprad?ya sa?g?ta? mariyu nr?ty?niki prasid'dhi cendina oka man?haramaina gr?ma?.
Ponugondla,   Ponugondla is a quaint settlement surrounded by lush green fields.,   ?????????? ????? ?????? ??????? ??????????????? ?????????? ???????.,   Ponugo??la an?di paccani pol?lat? cu??umu??aba?ina vicitramaina sth?vara?.
Ramavaram,   Ramavaram is a picturesque village nestled in the valley.,   ?????? ????? ???? ?? ???????? ??????.,   R?mavara? l?yal? unna oka sundaramaina gr?ma?.
Marrigudem,   Marrigudem is a serene getaway amidst nature's beauty.,   ?????????? ??????? ????? ???? ????????? ???????.,   Marrig??e? prakr?ti and?la madhya nirmalamaina prad??a?.
MahadevuniGudem,   MahadevuniGudem is a spiritual retreat with ancient temples.,   ?????????????? ?????? ?????????? ????? ?????????? ????????.,   Mah?d?vunig??e? pur?tana d?v?lay?lat? k??ina ?dhy?tmika tir?gamana?.
DoravariVempally,   DoravariVempally is a charming village known for its traditional cuisine.,   ??????????????? ????????? ???????? ????????? ?????? ???????? ??????.,   Dorav?riv?mpalli s?mprad?ya va??ak?laku prasid'dhi cendina man?haramaina gr?ma?.
Karnegandi,   Karnegandi is a tranquil hamlet surrounded by mountains.,   ??????????? ????? ????????? ??????????????? ?????????? ????????.,   ??Karnega??i an?di parvat?lat? cu??umu??aba?ina pra??ntamaina kugr?ma?.
JangavaniGudem,   JangavaniGudem is a scenic village with breathtaking views.,   ???????????? ????????????? ????????? ???????? ??????.,   Ja?gav?nig??e? utka??habharitamaina dr??y?lat? sundaramaina gr?ma?.
Erravaram,   Erravaram is a peaceful retreat away from the hustle and bustle.,   ??????? ????? ????? ???????? ????????.,   Erravara? sanda?i nu??i ??ntiyuta tir?gamana?.
Edullapalli,   Edullapalli is a quaint village with a rich agricultural heritage.,   ??????????? ????? ??????? ???????? ?????? ?????????? ??????.,   Edu?lapalli goppa vyavas?ya v?rasatva? kaligina vicitramaina gr?ma?.
Sadireddy Palli,   Sadireddy Palli is a close-knit community known for its unity and harmony.,   ?????????? ????? ????? ????? ???????????? ????????? ?????? ???????? ????.,   S?dire??i palli aikyata mariyu s?marasy?niki prasid'dhi cendina sannihita sa?gha?.
Konapuram,   Konapuram is a charming village with colorful markets and festivals.,   ???????? ????????? ?????????? ????? ???????? ???????? ??????.,   K?n?pura? ra?gura?gula m?rke?lu mariyu pa??ugalat? man?haramaina gr?ma?.
Ootai,   Ootai is a serene hamlet nestled amidst lush green forests.,   ??? ?????? ????? ???? ???? ????????? ????????.,   ??ai paccani a?avula madhya unna nirmalamaina kugr?ma?.
Enchagudem,  Enchagudem is famous for its lush greenery.,  ???????? ??????????? ?????????.,  En?cag??e? paccadan?niki prasid'dhi.
Mokallapalli,  Mokallapalli is celebrated for its rich cultural heritage.,  ???????????? ???? ????? ?????????? ???????? ???? ????????????.,  M?k??lapalli d?ni goppa s?nskr?tika v?rasatva? k?sa? jarupuku???ru.
Pogullapalli,  Pogullapalli is cherished for its picturesque landscapes.,  ???????????? ???? ???????? ??????? ????????? ???? ???? ????????.,  P?gu?lapalli d?ni sundaramaina prakr?ti dr??y?laku ent? ?dara?a pondindi.
Govindapur,  Govindapur is renowned for its vibrant community.,  ?????????? ???? ??????????? ??????????? ????????? ????????.,  G?vindap?r d?ni ?aktivantamaina kamy?ni??ki prasid'dhi cendindi.
Gundam,  Gundam is known for its agricultural prosperity.,  ????? ??????? ??????????? ????????? ????????.,  Gu??a? vyavas?ya ?r?yas'suku prasid'dhi cendindi.
Kothaguda,  Kothaguda is famous for its traditional festivals.,  ???????? ???????? ???????? ?????????.,  Kottag??a samprad?ya pa??ugalaku prasid'dhi.
Mailaram,  Mailaram is celebrated for its religious importance.,  ?????? ???? ??????? ?????????? ???? ????????????.,  Mail?ra? d?ni mataparamaina pr?mukhyata k?sa? jarupuku???ru.
Gunjedu,  Gunjedu is cherished for its scenic beauty.,  ??????? ???? ???????? ???????? ???? ???? ????????.,  Gun?j??u d?ni rama??yamaina and?niki ent? ?dara?a pondindi.
KothaPalli,   KothaPalli is renowned for its bustling markets.,   ?????????? ??????? ???? ???????????? ????????? ????????.,   Kottapalli sanda?ig? u??? m?rke??laku prasid'dhi cendindi.
Routhugudem,   Routhugudem is known for its serene atmosphere.,   ????????? ??????? ???????????? ?????????.,   Rautug??e? pra??nta v?t?vara??niki prasid'dhi.
Musmi,   Musmi is famous for its traditional cuisine.,   ?????? ???? ????????? ???????? ????????? ????????.,   Musmi d?ni s?mprad?ya va??ak?laku prasid'dhi cendindi.
Ramannagudem,   Ramannagudem is celebrated for its ancient temples.,   ??????????? ???? ?????? ???????? ???? ????????????.,   R?mannag??e? d?ni pur?tana d?v?lay?la k?sa? jarupuku???ru.
LadaigaddaThanda,   Ladaigadda Thanda is cherished for its warm hospitality.,   ????????? ????? ???? ??????? ??????????? ???? ???? ????????.,   La??yiga??a t???? d?ni s?daramaina ?tithy?niki ent? ?dara?a pondindi.
Velubelli,   Velubelli is renowned for its stunning sunsets.,   ?????????? ????????? ??????????????? ????????? ????????.,   Velubelli adbhutamaina s?ry?stamay?laku prasid'dhi cendindi.
Cheruvumundu Thanda,   Cheruvumundu Thanda is famous for its traditional dance forms.,   ??????????? ????? ????????? ????? ??????? ????????? ????????.,   Ceruvumu??u t???? s?mprad?ya nr?tya r?p?laku prasid'dhi cendindi.
Polaram,   Polaram is celebrated for its scenic beauty.,   ?????? ???? ???????? ???? ???? ????????????.,   P?l?ra? d?ni sundaramaina anda? k?sa? jarupuku???ru.
Kistapur,   Kistapur is known for its thriving economy.,   ?????????? ???? ????????? ?????????? ?????? ????????? ????????? ????????.,   Kist?p?r d?ni abhivr?d'dhi cendutunna ?rthika vyavasthaku prasid'dhi cendindi.
Bathulapalli,   Bathulapalli is renowned for its educational institutions.,   ??????????? ?????????????? ?????????.,   Battulapalli vidy?sansthalaku prasid'dhi.
Bakkachinthalapadu,   Bakkachinthalapadu is cherished for its fertile farmlands.,   ????????????? ???? ????????? ??????????? ???????????.,   Bakkacintalap??u d?ni s?ravantamaina s?gubh?mulanu ?daristundi.
Eswaragudem,   Eswaragudem is famous for its serene lakes.,   ?????????? ????????? ????????? ?????????.,   ??varag??e? nirmalamaina saras'sulaku prasid'dhi.
GopalaPuram,   GopalaPuram is celebrated for its vibrant festivals.,   ????????? ???? ??????????? ?????? ???? ????????????.,   G?p?lapura? d?ni ?aktivantamaina pa??ugala k?sa? jarupuku???ru.
ThativariVempally,   ThativariVempally is known for its historical monuments.,   ???????????????? ???????? ????????? ?????????.,   T??iv?riv?mpalli c?ritraka ka??a??laku prasid'dhi.
TirumalaGandi,   TirumalaGandi is cherished for its religious significance.,   ?????? ???? ???? ??????? ?????????? ???? ???? ?????????????.,   Tirumala ga??i d?ni mataparamaina pr?mukhyata k?sa? ent? gauravin?caba?indi.
Puttala Bhupati,   Puttala Bhupati is renowned for its scenic beauty.,   ?????? ????? ???? ???????? ???????? ????????? ????????.,   Pu??ala bh?pati d?ni sundaramaina and?niki prasid'dhi cendindi.
Pedda Yellapur,   Pedda Yellapur is famous for its traditional craftsmanship.,   ????? ????????? ????????? ???????? ????????? ????????.,   Pedda ell?p?r s?mprad?ya hastaka?aku prasid'dhi cendindi.
JangalaPalli,   JangalaPalli is celebrated for its rich cultural heritage.,   ?????????? ???? ????? ?????????? ???????? ???? ????????????.,   Ja?g?lapalli d?ni goppa s?nskr?tika v?rasatva? k?sa? jarupuku???ru.
Komatigudem,   Komatigudem is known for its thriving agriculture.,   ?????????? ????????? ?????????? ???????????? ?????????.,   K?ma?ig??e? abhivr?d'dhi cendutunna vyavas?y?niki prasid'dhi.
Bavuru Gonda,   Bavuru Gonda is cherished for its warm hospitality.,   ?????? ???? ???? ??????? ??????????? ???? ???? ????????.,   B?v?ru go??a d?ni s?daramaina ?tithy?niki ent? ?dara?a pondindi.
Gangaram,   Gangaram is renowned for its vibrant markets.,   ??????? ???? ??????????? ???????????? ????????? ????????.,   Ga?g?r?? d?ni ?aktivantamaina m?rke??laku prasid'dhi cendindi.
Pandem,   Pandem is famous for its lush greenery.,   ????? ???? ????????? ????????? ????????.,   Pande? d?ni paccadanant? prasid'dhi cendindi.
Kodishalamitta,   Kodishalamitta is celebrated for its serene atmosphere.,   ??????????? ??????? ???????? ???? ????????????.,   K??i?alami??a pra??nta v?t?vara?a? k?sa? jarupuku???ru.
Karlai,   Karlai is known for its ancient ruins.,   ????? ?????? ????????? ????????? ????????.,   Karlai pur?tana ?ithil?laku prasid'dhi cendindi.
Gubidi,  Gubidi is known for its lush green landscapes.,  ?????? ?????? ??????? ????????? ?????????.,  Gubi?i paccani prakr?ti dr??y?laku prasid'dhi.
Karanji,  Karanji is celebrated for its vibrant culture.,  ????? ???? ??????????? ???????? ???? ????????????.,  Karan?j? d?ni ?aktivantamaina sanskr?ti k?sa? jarupuku???ru.
Tekdirampur,  Tekdirampur is renowned for its ancient temples.,  ?????????????? ?????? ?????????? ????????? ????????.,  ??k??ir?mp?r pur?tana d?v?lay?laku prasid'dhi cendindi.
Gomutri,  Gomutri is famous for its scenic beauty.,  ???????? ???? ??????? ???????????? ?????????.,  G?m?tri d?ni prakr?ti saundary?niki prasid'dhi.
Antergaon,  Antergaon is cherished for its rich heritage.,  ??????????? ???? ????? ???????? ???? ???? ?????????????.,  A??er?g?v d?ni goppa v?rasatva? k?sa? ent? gauravin?caba?indi.
Bhagawanpur,  Bhagawanpur is recognized for its agricultural prosperity.,  ??????????? ??????? ??????????? ????????? ????????.,  Bhagav?n?p?r vyavas?ya ?r?yas'suku gurtimpu pondindi.
Wadoor,  Wadoor is known for its serene lakes.,  ????? ????????? ????????? ????????? ????????.,  Va??r nirmalamaina saras'sulaku prasid'dhi cendindi.
Dhanora,  Dhanora is celebrated for its bustling markets.,  ????? ??????? ???? ????????? ???? ????????????.,  Dhan?r? sanda?ig? u??? m?rke?la k?sa? jarupuku???ru.
BelsariRampur,  BelsariRampur is renowned for its warm hospitality.,  ?????????????? ???? ??????? ??????????? ????????? ????????.,  Belsarir?mp?r d?ni veccani ?tithy?niki prasid'dhi cendindi.
Kamatwada,   Kamatwada is famous for its traditional craftsmanship.,   ??????? ???? ????????? ???????? ????????? ????????.,   Kamatv??a d?ni s?mprad?ya hastaka?aku prasid'dhi cendindi.
Anderband,   Anderband is cherished for its cultural diversity.,   ????????????? ???? ?????????? ???????? ???? ???? ?????????????.,   A??ar?by??? d?ni s?nskr?tika vaividhya? k?sa? ent? gauravin?caba?indi.
Khairguda,   Khairguda is known for its breathtaking natural beauty.,   ???????? ????????????? ??????? ???????????? ????????? ????????.,   Khair?g??a utka??habharitamaina prakr?ti saundary?niki prasid'dhi cendindi.
Bheempur,   Bheempur is celebrated for its grand festivals.,   ??????? ???? ????? ?????? ???? ????????????.,   Bh?mp?r d?ni goppa pa??ugala k?sa? jarupuku???ru.
Gunjala,   Gunjala is renowned for its historical monuments.,   ????? ???????? ????????? ????????? ????????.,   Gun?jala c?ritraka ka??a??laku prasid'dhi cendindi.
Markaguda,   Markaguda is famous for its rich biodiversity.,   ???????? ???? ????? ??????????????? ????????? ????????.,   M?rkag??a d?ni goppa j?vavaividhy?niki prasid'dhi cendindi.
Wadgaon,   Wadgaon is cherished for its tranquil atmosphere.,   ??????? ???? ??????? ???????????? ???? ???? ????????.,   Va?g?v d?ni pra??nta v?t?vara??niki ent? ?dara?a pondindi.
Gubidipally,   Gubidipally is known for its strong community bonds.,   ??????????? ????? ????????? ??????? ????????? ????????.,   Gubi?ipalli balamaina kamy?ni?? bandh?laku prasid'dhi cendindi.
Gollaghat,   Gollaghat is celebrated for its delicious cuisine.,   ????????? ???? ????????? ?????? ???? ????????????.,   Gollagh?? d?ni rucikaramaina va??ak?la k?sa? jarupuku???ru.
Pippalkoti,   Pippalkoti is renowned for its vibrant markets.,   ???????????? ???? ??????????? ???????????? ????????? ????????.,   Pippal?k??i d?ni ?aktivantamaina m?rke??laku prasid'dhi cendindi.
Gotkuri,   Gotkuri is famous for its traditional dance forms.,   ???????? ????????? ????? ??????? ????????? ????????.,   G??k?ri s?mprad?ya nr?tya r?p?laku prasid'dhi cendindi.
Bandal Nagapur,   Bandal Nagapur is cherished for its religious festivals.,   ????? ??????? ???? ??????? ???????? ???? ???? ????????.,   Ba??al n?gap?r d?ni mataparamaina pa??ugalaku ent? ?dara?a pondindi.
Sawargaon,   Sawargaon is known for its thriving economy.,   ????????? ???? ????????? ?????????? ?????? ????????? ????????? ????????.,   S?varg?v d?ni abhivr?d'dhi cendutunna ?rthika vyavasthaku prasid'dhi cendindi.
Palodi,   Palodi is celebrated for its scenic beauty.,   ????? ???? ???????? ???? ???? ????????????.,   Pal??i d?ni sundaramaina anda? k?sa? jarupuku???ru.
Kapparla,   Kapparla is renowned for its historical significance.,   ??????? ???? ???????? ???????????? ????????? ????????.,   Kapparla d?ni c?ritraka pr?mukhyataku prasid'dhi cendindi.
Nipani,   Nipani is famous for its scenic beauty.,   ?????? ???? ???????? ???????? ????????? ????????.,   Nip?ni d?ni sundaramaina and?niki prasid'dhi cendindi.
Ponnari,   Ponnari is cherished for its warm hospitality.,   ???????? ???? ??????? ??????? ???? ???? ????????????.,   Ponn?ri d?ni veccani ?tithya? k?sa? ent? ?darin?caba?indi.
Waddadi,   Waddadi is known for its serene atmosphere.,   ??????? ?????????? ???????????? ?????????.,   Va???di pra??ntamaina v?t?vara??niki prasid'dhi.
Hasnapur,   Hasnapur is celebrated for its vibrant festivals.,   ????????? ???? ??????????? ?????? ???? ????????????.,   Hasn?p?r d?ni ?aktivantamaina pa??ugala k?sa? jarupuku???ru.
Tamsi,   Tamsi is renowned for its cultural heritage.,   ????? ???? ?????????? ???????????? ????????? ????????.,   T?nsi d?ni s?nskr?tika v?rasatv?niki prasid'dhi cendindi.
Girgaon,   Girgaon is famous for its picturesque landscapes.,   ???????? ???? ???????? ??????? ????????? ????????? ????????.,   Girg?v d?ni sundaramaina prakr?ti dr??y?laku prasid'dhi cendindi.
Leemguda,   Leemguda is cherished for its tranquil lakes.,   ???????? ???? ?????????? ??????? ???? ???? ?????????.,   L?m?g??a d?ni pra??ntamaina saras'sula k?sa? ent? viluvainadi.
Ambugoan,   Ambugoan is known for its agricultural prosperity.,   ????????? ??????? ??????????? ????????? ????????.,   Ambug?van vyavas?ya ?r?yas'suku prasid'dhi cendindi.
Lingi,   Lingi is celebrated for its historical monuments.,   ????? ???? ???????? ??????? ???? ????????????.,   Li?gi d?ni c?ritraka ka??a??la k?sa? jarupuku???ru.
Laxmipur,   Laxmipur is renowned for its grand temples.,   ??????????? ???? ????? ?????????? ????????? ????????.,   Lak?m?p?r d?ni goppa d?v?lay?laku prasid'dhi cendindi.
Umdam,   Umdam is famous for its rich biodiversity.,   ??????? ???? ????? ??????????????? ????????? ????????.,   Umd?m d?ni goppa j?vavaividhy?niki prasid'dhi cendindi.
Khodad,   Khodad is cherished for its lush greenery.,   ?????? ???? ??????? ???? ???? ????????????.,   Kh?d?d d?ni paccadana? k?sa? ent? i??apa?utundi.
Kajjarla,   Kajjarla is known for its vibrant markets.,   ??????? ???? ??????????? ??????????? ????????? ????????.,   Kajjarla d?ni ?aktivantamaina m?rke?laku prasid'dhi cendindi.
Ruyyadi,   Ruyyadi is celebrated for its cultural diversity.,   ???????? ???? ?????????? ???????? ???? ????????????.,   Ruyy?di d?ni s?nskr?tika vaividhya? k?sa? jarupuku???ru.
Sakinapur,   Sakinapur is renowned for its educational institutions.,   ????????? ?????????????? ????????? ????????.,   Sak?n?p?r vidy?sansthalaku prasid'dhi cendindi.
Kothur,   Kothur is famous for its thriving agriculture.,   ???????? ???? ????????? ?????????? ???????????? ????????? ????????.,   Kott?ru d?ni abhivr?d'dhi cendutunna vyavas?y?niki prasid'dhi cendindi.
Talamadugu,   Talamadugu is cherished for its scenic beauty.,   ??????? ???? ???????? ???????? ???? ???? ????????.,   Talama?ugu d?ni rama??yamaina and?niki ent? ?dara?a pondindi.
Dorli,   Dorli is known for its traditional art forms.,   ?????? ?????????? ?????????? ????????? ????????.,   ??rli s?mprad?yaka ka??r?p?laku prasid'dhi cendindi.
Jhari,   Jhari is celebrated for its rich cultural heritage.,   ??? ???? ????? ?????????? ???????? ???? ????????????.,   Jhar? d?ni goppa s?nskr?tika v?rasatva? k?sa? jarupuku???ru.
ShekuGuda,   ShekuGuda is renowned for its warm hospitality.,   ??????? ???? ??????? ??????????? ????????? ????????.,   ??kug??a d?ni veccani ?tithy?niki prasid'dhi cendindi.
Tokkiguda,   Tokkiguda is famous for its serene atmosphere.,   ????????? ?????????? ???????????? ?????????.,   Tokkig??a pra??ntamaina v?t?vara??niki prasid'dhi.
Cherlapalli,   Cherlapalli is cherished for its vibrant community.,   ??????????? ???? ??????????? ??????????? ???? ???? ????????.,   ??Carlapalli d?ni ?aktivantamaina kamy?ni??ki ent? ?dara?a pondindi.
Rathnapur,   Rathnapur is known for its historical landmarks.,   ????????? ???? ???????? ????????? ?????????.,   Ratn?p?r d?ni c?ritraka ?nav??laku prasid'dhi.
Punaguda,   Punaguda is celebrated for its religious festivals.,   ??????? ???? ??????? ???????? ????????????.,   Pun?g??a d?ni mataparamaina pa??ugalaku jarupuku???ru.
Umri,   Umri is renowned for its lush green landscapes.,   ????? ?????? ??????? ????????? ????????? ????????.,   Umr? paccani prakr?ti dr??y?laku prasid'dhi cendindi.
Kosai,   Kosai is renowned for its lush greenery.,   ?????? ???? ??????? ???? ????????? ????????.,   K?s?yi d?ni paccadana? k?sa? prasid'dhi cendindi.
Kappardevi,   Kappardevi is known for its ancient temples.,   ?????????? ?????? ?????????? ????????? ????????.,   Kappard?vi pur?tana d?v?lay?laku prasid'dhi cendindi.
Palsi,   Palsi is celebrated for its vibrant culture.,   ????? ???? ??????????? ?????????? ????????????.,   Palsi d?ni ?aktivantamaina sanskr?tiki jarupuku???ru.
Arli,   Arli is famous for its historical landmarks.,   ????? ???? ???????? ????????? ????????? ????????.,   Arl? d?ni c?ritraka ?nav???aku prasid'dhi cendindi.
Nandigaon,   Nandigaon is cherished for its scenic beauty.,   ???????? ???? ???????? ???????? ???? ???? ????????.,   Nandig?v d?ni sundaramaina and?niki ent? ?dara?a pondindi.
Bharampur,   Bharampur is renowned for its rich agricultural heritage.,   ??????? ???? ????? ??????? ???????????? ????????? ????????.,   Bharamp?r d?ni goppa vyavas?ya v?rasatv?niki prasid'dhi cendindi.
Palli,   Palli is known for its warm hospitality.,   ????? ???? ??????? ??????????? ????????? ????????.,   Palli d?ni veccani ?tithy?niki prasid'dhi cendindi.
Lachamapur,   Lachamapur is celebrated for its grand festivals.,   ????????? ???? ????? ???????? ????????????.,   L?cam?p?r d?ni goppa pa??ugalaku jarupuku???ru.
Devapur,   Devapur is famous for its bustling markets.,   ???????? ??????? ???? ???????????? ????????? ????????.,   D?v?p?r sanda?ig? u??? m?rke??laku prasid'dhi cendindi.
Kamlapur,   Kamlapur is cherished for its tranquil atmosphere.,   ????????? ???? ??????? ???????????? ???? ???? ????????.,   Kaml?p?r d?ni pra??nta v?t?vara??niki ent? ?dara?a pondindi.
Vaijapur,   Vaijapur is renowned for its historical significance.,   ???????? ???? ???????? ???????????? ????????? ????????.,   Vaij?p?r d?ni c?ritraka pr?mukhyataku prasid'dhi cendindi.
Seethagondi,   Seethagondi is known for its religious festivals.,   ???????? ??????? ???????? ????????? ????????.,   S?tago??i mataparamaina pa??ugalaku prasid'dhi cendindi.
Garkampet,   Garkampet is celebrated for its strong community bonds.,   ?????????? ???? ????? ????????? ????? ???? ????????????.,   G?rkamp?? d?ni balamaina kamy?ni?? bandh?la k?sa? jarupuku???ru.
Malkapur,   Malkapur is famous for its scenic beauty.,   ????????? ???? ???????? ???????? ????????? ????????.,   Malk?p?r d?ni sundaramaina and?niki prasid'dhi cendindi.
Lingapoor,   Lingapoor is cherished for its cultural heritage.,   ???????? ???? ?????????? ???????? ???? ??????????????????.,   Li?gap?r d?ni s?nskr?tika v?rasatva? k?sa? prati???tmakamainadi.
Tosham,   Tosham is renowned for its educational institutions.,   ???? ???? ?????????????? ????????? ????????.,   T??a? d?ni vidy?sansthalaku prasid'dhi cendindi.
Ragapur,   Ragapur is known for its serene lakes.,   ???????? ????????? ????????? ????????? ????????.,   R?g?p?r nirmalamaina saras'sulaku prasid'dhi cendindi.
ToshamThanda,   ToshamThanda is celebrated for its vibrant culture.,   ???? ???? ???? ??????????? ?????????? ????????????.,   T??a? ta??? d?ni ?aktivantamaina sanskr?tiki jarupuku???ru.
Machapoor,   Machapoor is famous for its delicious cuisine.,   ?????? ???? ????????? ???????? ????????? ????????.,   Macap?r d?ni rucikaramaina va??ak?laku prasid'dhi cendindi.
Gudihatnoor,   Gudihatnoor is cherished for its warm hospitality.,   ??????????? ???? ??????? ??????? ???? ???? ????????????.,   Gu?'?ihatn?r d?ni veccani ?tithya? k?sa? ent? ?darin?caba?indi.
Muthnoor Tanda,   Muthnoor Tanda is renowned for its lush green landscapes .,   ???????? ???? ?????? ??????? ????????? ????????? ????????.,   Mutn?r ta??? paccani prakr?ti dr??y?laku prasid'dhi cendindi.
Damanguda,   Damanguda is known for its agricultural prosperity.,   ??????? ??????? ??????????? ????????? ????????.,   D?ma?gu?a vyavas?ya ?r?yas'suku prasid'dhi cendindi.
Dongargaon,   Dongargaon is celebrated for its traditional art forms.,   ??????????? ???? ????????? ???????? ???? ????????????.,   ???gar?g?v d?ni s?mprad?ya ka??r?p?la k?sa? jarupuku???ru.
UmriB,   UmriB is famous for its historical monuments.,   UmriB ???? ???????? ????????? ????????? ????????.,   UmriB d?ni c?ritraka ka??a??laku prasid'dhi cendindi.
Soyamguda,   Soyamguda is cherished for its cultural diversity.,   ??????? ???? ?????????? ???????????? ???? ???? ????????.,   S?ya?g??a d?ni s?nskr?tika vaividhy?niki ent? ?dara?a pondindi.
Shantapur,   Shantapur is renowned for its grand temples.,   ???????? ???? ????? ?????????? ????????? ????????.,   ??ntap?r d?ni goppa d?v?lay?laku prasid'dhi cendindi.
Gondharkapur,   Gondharkapur is known for its scenic beauty.,   ????????????? ???? ???????? ???????? ????????? ????????.,   G?ndh?rk?p?r d?ni sundaramaina and?niki prasid'dhi cendindi.
Belluri,   Belluri is celebrated for its picturesque landscapes.,   ???????? ???? ???????? ??????? ??????? ???? ????????????.,   Bell?ri d?ni sundaramaina prakr?ti dr??y?la k?sa? jarupuku???ru.
Guruj,   Guruj is famous for its traditional dance forms.,   ?????? ????????? ????? ??????? ????????? ????????.,   Guruj s?mprad?ya nr?tya r?p?laku prasid'dhi cendindi.
Mannur,   Mannur is cherished for its rich biodiversity.,   ??????? ???? ????? ??????????????? ???? ???? ????????.,   Mann?r d?ni goppa j?vavaividhy?niki ent? ?dara?a pondindi.
Sambuguda,   Sambuguda is renowned for its vibrant markets.,   ??????? ???? ??????????? ??????????? ????????? ????????.,   Sambug??a d?ni ?aktivantamaina m?rke?laku prasid'dhi cendindi.
Borgaon,   Borgaon is known for its historical significance.,   ???????? ???? ???????? ???????????? ????????? ????????.,   B?rg?v d?ni c?ritraka pr?mukhyataku prasid'dhi cendindi.
Kamagiri,   Kamagiri is celebrated for its serene lakes.,   ??????? ???? ????????? ??????? ???? ????????????.,   K?magiri d?ni nirmalamaina saras'sula k?sa? jarupuku???ru.
Junni,   Junni is famous for its warm hospitality.,   ?????? ?? ??????? ??????????? ????????? ????????.,   Junni tana veccani ?tithy?niki prasid'dhi cendindi.
Ichoda,   Ichoda is cherished for its scenic beauty.,   ??????? ???? ???????? ???????? ???? ???? ????????.,   Icc??? d?ni sundaramaina and?niki ent? ?dara?a pondindi.
Dubarpet,   Dubarpet is renowned for its agricultural prosperity.,   ????????? ??????? ??????????? ????????? ????????.,   Dub?rup??a vyavas?ya ?r?yas'suku prasid'dhi cendindi.
Adegaon,   Adegaon is known for its historical landmarks.,   ??????? ???? ???????? ????????? ????????? ????????.,   Ad?g?v d?ni c?ritraka ?nav??laku prasid'dhi cendindi.
Gubba,   Gubba is celebrated for its cultural diversity.,   ?????? ???? ?????????? ???????? ???? ????????????.,   Gubb? d?ni s?nskr?tika vaividhya? k?sa? jarupuku???ru.
Kokasmanoor,   Kokasmanoor is famous for its lush greenery.,   ?????????? ?????? ??????? ?????????.,   K?kasman?ru paccani ce?laku prasid'dhi.
SathnumberGaon,   SathnumberGaon is cherished for its warm hospitality.,   ??????????????? ???? ??????? ??????? ???? ???? ?????????.,   S?t?nambar?g?v d?ni veccani ?tithya? k?sa? ent? viluvainadi.
Mukra,   Mukra is renowned for its vibrant festivals.,   ?????? ???? ??????????? ???????? ????????? ????????.,   Mukr? d?ni ?aktivantamaina pa??ugalaku prasid'dhi cendindi.
DevulanaikTanda,   DevulanaikTanda is known for its religious festivals.,   ?????????? ???? ??????? ???????? ????????? ????????.,   D?vulan?yak ta??? mataparamaina pa??ugalaku prasid'dhi cendindi.
Madhapur,   Madhapur is celebrated for its bustling markets.,   ???????? ??????? ???? ?????????? ???? ????????????.,   M?d?p?r sanda?ig? u??? m?rke??la k?sa? jarupuku???ru.
Ponna,   Ponna is famous for its scenic beauty.,   ?????? ???? ???????? ???????? ????????? ????????.,   Ponn? d?ni sundaramaina and?niki prasid'dhi cendindi.
Talamadri,   Talamadri is cherished for its tranquil atmosphere.,   ???????? ?????????? ???????????? ???? ???? ????????.,   Talam?dri pra??ntamaina v?t?vara??niki ent? ?dara?a pondindi.
Sonpalli,   Sonpalli is renowned for its rich agricultural heritage.,   ?????????? ???? ????? ??????? ???????????? ????????? ????????.,   S?n?palli d?ni goppa vyavas?ya v?rasatv?niki prasid'dhi cendindi.
Heerapur,   Heerapur is known for its historical significance.,   ???????? ???????? ???????????? ????????? ????????.,   H?r?p?r c?ritraka pr?dh?n'yataku prasid'dhi cendindi.
Dhaba,   Dhaba is celebrated for its delicious cuisine.,   ???? ???? ????????? ?????? ???? ????????????.,   Dh?b? d?ni rucikaramaina va??ak?la k?sa? jarupuku???ru.
Salyada,   Salyada is famous for its vibrant culture.,   ????? ???? ??????????? ?????????? ????????? ????????.,   Salyada d?ni ?aktivantamaina sanskr?tiki prasid'dhi cendindi.
Sunkidi,   Sunkidi is cherished for its cultural diversity.,   ??????? ???? ?????????? ???????????? ???? ???? ????????.,   Su?ki?i d?ni s?nskr?tika vaividhy?niki ent? ?dara?a pondindi.
Sirikonda,    Sirikonda is renowned for its lush green landscapes.,    ???????? ?????? ??????? ????????? ????????? ????????.,    Siriko??a paccani prakr?ti dr??y?laku prasid'dhi cendindi.
Jamidi,    Jamidi is known for its warm hospitality.,    ?????? ???? ??????? ??????????? ????????? ????????.,    J?mi?i d?ni veccani ?tithy?niki prasid'dhi cendindi.
Gerjam,    Gerjam is known for its lush green landscapes.,    ???????? ?????? ??????? ????????? ????????? ????????.,    Gerj?m paccani prakr?ti dr??y?laku prasid'dhi cendindi.
Jalda,    Jalda is celebrated for its vibrant culture.,    ????? ???? ??????????? ???????? ???? ????????????.,    Jald? d?ni ?aktivantamaina sanskr?ti k?sa? jarupuku???ru.
Chincholi,    Chincholi is renowned for its ancient temples.,    ??????? ?????? ?????????? ????????? ????????.,    Cin?c?li pur?tana d?v?lay?laku prasid'dhi cendindi.
Navegaon,    Navegaon is cherished for its scenic beauty.,    ??????? ???? ???????? ???????? ???? ???? ????????.,    Nav?g?v d?ni sundaramaina and?niki ent? ?dara?a pondindi.
Malyal,    Malyal is famous for its historical landmarks.,    ???????? ???? ???????? ????????? ????????? ????????.,    M?ly?l d?ni c?ritraka ?nav??laku prasid'dhi cendindi.
Keshavpatnam,    Keshavpatnam is known for its rich biodiversity.,    ????????? ????? ??????????????? ?????????.,    K??avapa?na? goppa j?vavaividhy?niki prasid'dhi.
Gundi,    Gundi is celebrated for its warm hospitality.,    ????? ???? ??????? ??????? ???? ????????????.,    Gu??i d?ni veccani ?tithya? k?sa? jarupuku???ru.
Narsapur,    Narsapur is renowned for its grand festivals.,    ????????? ????? ???????? ????????? ????????.,    Nars?p?r goppa pa??ugalaku prasid'dhi cendindi.
Gundala,    Gundala is cherished for its serene lakes.,    ?????? ???? ????????? ??????? ???? ???? ??????? ????.,    Gu???la d?ni nirmalamaina saras'sula k?sa? ent? pr?mag? undi.
Yellammaguda,    Yellammaguda is famous for its bustling markets.,    ?????????? ??????? ???? ???????????? ?????????.,    Ellam'mag??a sanda?ig? u??? m?rke??laku prasid'dhi.
Sirichalma,    Sirichalma is celebrated for its strong community bonds.,    ???????? ???? ????? ???? ????? ???? ????????????.,    Siricalma d?ni balamaina sam?ja bandh?la k?sa? jarupuku???ru.
Babjipet,    Babjipet is renowned for its agricultural prosperity.,    ????????? ??????? ??????????? ????????? ????????.,    B?bj?p??a vyavas?ya ?r?yas'suku prasid'dhi cendindi.
Neradigondag,    Neradigondag is known for its historical monuments.,    ??????????? ???????? ????????? ?????????.,    N?ra?igo??ag c?ritraka ka??a??laku prasid'dhi.
Kuntaguda,    Kuntaguda is cherished for its traditional craftsmanship.,    ??????? ???? ????????? ???????? ???? ???? ????????.,    Ku??ag??a d?ni s?mprad?ya hastaka?aku ent? ?dara?a pondindi.
Jandaguda,    Jandaguda is famous for its religious festivals.,    ??????? ??????? ???????? ????????? ????????.,    Ja???g??a mataparamaina pa??ugalaku prasid'dhi cendindi.
Narayanpur,    Narayanpur is celebrated for its cultural heritage.,    ?????????? ???? ?????????? ???????? ???? ????????????.,    N?r?ya?ap?r d?ni s?nskr?tika v?rasatva? k?sa? jarupuku???ru.
Bazarhathnoor,    Bazarhathnoor is renowned for its bustling markets.,    ???????????? ??????? ???? ??????????? ????????? ????????.,    Baj?r'hatn?r sanda?ig? u??? m?rke?laku prasid'dhi cendindi.
Balanpur,    Balanpur is known for its warm hospitality.,    ???????? ???? ??????? ??????????? ????????? ????????.,    Balanp?r d?ni veccani ?tithy?niki prasid'dhi cendindi.
Kothapally,    Kothapally is celebrated for its scenic beauty.,    ?????????? ???? ???????? ???? ???? ????????????.,    Kottapalli d?ni sundaramaina anda? k?sa? jarupuku???ru.
Kolhari,    Kolhari is famous for its scenic beauty.,    ???????? ???? ???????? ???????? ????????? ????????.,    Kol'h?ri d?ni sundaramaina and?niki prasid'dhi cendindi.
Jatharla,    Jatharla is renowned for its serene lakes.,    ?????? ????????? ????????? ????????? ????????.,    J?tarla nirmalamaina saras'sulaku prasid'dhi cendindi.
Andhguda,    Andhguda is cherished for its warm hospitality.,    ???????? ???? ??????? ??????? ???? ???? ?????????.,    And?g??a d?ni veccani ?tithya? k?sa? ent? viluvainadi.
Dahegaon,    Dahegaon is known for its agricultural prosperity.,    ??????? ??????? ??????????? ????????? ????????.,    Daheg?v vyavas?ya ?r?yas'suku prasid'dhi cendindi.
Dharmapuri,    Dharmapuri is celebrated for its historical significance.,    ???????? ???? ???????? ?????????? ???? ????????????.,    Dharmapuri d?ni c?ritraka pr?mukhyata k?sa? jarupuku???ru.
Bhutai-B,    Bhutai-B is famous for its vibrant festivals.,    ????-?? ???? ??????????? ???????? ????????? ????????.,    Bh??ai-bi d?ni ?aktivantamaina pa??ugalaku prasid'dhi cendindi.
ChanduNayak Tanda,    ChanduNayak Tanda is renowned for its rich cultural heritage.,    ????????? ???? ???? ????? ?????????? ???????????? ????????? ????????.,    Candun?yak ta??? d?ni goppa s?nskr?tika v?rasatv?niki prasid'dhi cendindi.
Bhutai-K,    Bhutai-K is celebrated for its grand temples.,    ????-?? ???? ????? ???????? ???? ????????????.,    Bh??ai-ke d?ni goppa d?v?lay?la k?sa? jarupuku???ru.
Girjai,    Girjai is known for its picturesque landscapes.,    ?????? ???? ???????? ??????? ????????? ????????? ????????.,    Girjai d?ni sundaramaina prakr?ti dr??y?laku prasid'dhi cendindi.
Umarda-B,    Umarda-B is cherished for its serene atmosphere.,    ??????-?? ???? ????????? ???????????? ???? ???? ????????.,    Umard?-bi d?ni nirmalamaina v?t?vara??niki ent? ?dara?a pondindi.
Dedra,    Dedra is famous for its ancient ruins.,    ?????? ?????? ????????? ????????? ????????.,    ?e?r? pur?tana ?ithil?laku prasid'dhi cendindi.
GosaiUmarda,    GosaiUmarda is celebrated for its vibrant culture.,    ?????? ?????? ???? ??????????? ???????? ???? ????????????.,    G?s?yi umard? d?ni ?aktivantamaina sanskr?ti k?sa? jarupuku???ru.
Mankapur,    Mankapur is renowned for its lush greenery.,    ????????? ????????? ????????? ????????.,    Mank?p?r paccadanant? prasid'dhi cendindi.
ChintalSangvi,    ChintalSangvi is known for its bustling markets.,    ????????????? ??????? ???? ???????????? ????????? ????????.,    Cintal?sa?gvi sanda?ig? u??? m?rke??laku prasid'dhi cendindi.
Gokonda,    Gokonda is celebrated for its rich biodiversity.,    ?????? ???? ????? ??????????? ???? ????????????.,    G?ko??a d?ni goppa j?vavaividhya? k?sa? jarupuku???ru.
Morkandi,    Morkandi is famous for its traditional art forms.,    ???????? ???? ????????? ?????????? ????????? ????????.,    M?rka??i d?ni s?mprad?ya ka??r?p?laku prasid'dhi cendindi.
Gulabtanda,    Gulabtanda is renowned for its warm hospitality.,    ??????????? ???? ??????? ??????????? ????????? ????????.,    Gul?bt???? d?ni veccani ?tithy?niki prasid'dhi cendindi.
Tembi,    Tembi is celebrated for its grand festivals.,    ????? ???? ????? ???????? ????????????.,    ?embi d?ni goppa pa??ugalaku jarupuku???ru.
Harkai,    Harkai is known for its historical landmarks.,    ????? ???? ???????? ????????? ????????? ????????.,    Harkai d?ni c?ritraka ?nav??laku prasid'dhi cendindi.
Kinnerapalli,    Kinnerapalli is cherished for its scenic beauty.,    ???????????? ???? ???????? ???????? ???? ???? ????????.,    Kinnerapalli d?ni rama??yamaina and?niki ent? ?dara?a pondindi.
ShyamRaoGuda,    ShyamRaoGuda is famous for its cultural heritage.,    ?????????????? ???? ?????????? ???????????? ????????? ????????.,    ?y?m?r?vug??a d?ni s?nskr?tika v?rasatv?niki prasid'dhi cendindi.
Vartamanoor,    Vartamanoor is renowned for its ancient temples.,    ?????????? ?????? ?????????? ????????? ????????.,    Vartam?n?ru pur?tana d?v?lay?laku prasid'dhi cendindi.
Pipiri,    Pipiri is celebrated for its lush green landscapes.,    ?????? ?????? ??????? ??????? ???? ????????????.,    Pipiri paccani prakr?ti dr??y?la k?sa? jarupuku???ru.
Rampur,    Rampur is known for its agricultural prosperity.,    ??????? ??????? ??????????? ????????? ????????.,    R?mp?r vyavas?ya ?r?yas'suku prasid'dhi cendindi.
Bhosra,    Bhosra is famous for its historical significance.,    ?????? ???? ???????? ???????????? ????????? ????????.,    Bh?sr? d?ni c?ritraka pr?mukhyataku prasid'dhi cendindi.
Dignoor,    Dignoor is celebrated for its vibrant culture.,    ???????? ???? ??????????? ?????????? ????????????.,    Dign?r d?ni ?aktivantamaina sanskr?tiki jarupuku???ru.
Girnoor,    Girnoor is renowned for its warm hospitality.,    ???????? ???? ??????? ??????????? ????????? ????????.,    Girn?r d?ni veccani ?tithy?niki prasid'dhi cendindi.
Kandli,    Kandli is known for its scenic beauty.,    ?????? ???? ???????? ???????? ????????? ????????.,    Ka??li d?ni sundaramaina and?niki prasid'dhi cendindi.
Ghanpur,    Ghanpur is celebrated for its bustling markets.,    ???????? ??????? ???? ?????????? ???? ????????????.,    Ghan?p?r sanda?ig? u??? m?rke??la k?sa? jarupuku???ru.
KotaK,    KotaK is renowned for its grand festivals.,    ????? ???? ????? ???????? ????????? ????????.,    K??ak d?ni goppa pa??ugalaku prasid'dhi cendindi.
Sonala,    Sonala is known for its tranquil atmosphere.,    ?????? ?????????? ???????????? ????????? ????????.,    S?n?l? pra??ntamaina v?t?vara??niki prasid'dhi cendindi.
Sakera,    Sakera is celebrated for its lush greenery.,    ????? ???? ??????? ???? ????????????.,    Sak?r? d?ni paccadana? k?sa? jarupuku???ru.
Sangvi,    Sangvi is renowned for its historical landmarks.,    ??????? ???? ???????? ????????? ????????? ????????.,    S??gvi d?ni c?ritraka ?nav???aku prasid'dhi cendindi.
Kowtha(B),    Kowtha(B) is known for its lush green landscapes.,    ????(??) ?????? ??????? ????????? ????????? ????????.,    Kaut?(bi) paccani prakr?ti dr??y?laku prasid'dhi cendindi.
Kangutta,    Kangutta is celebrated for its vibrant culture.,    ??????? ???? ??????????? ???????? ???? ????????????.,    Ka?gu??a d?ni ?aktivantamaina sanskr?ti k?sa? jarupuku???ru.
PardiB,    PardiB is renowned for its ancient temples.,    ???????? ???? ?????? ?????????? ????????? ????????.,    P?r?ibi d?ni pur?tana d?v?lay?laku prasid'dhi cendindi.
Chintalbori,    Chintalbori is cherished for its scenic beauty.,    ?????????? ???? ???????? ???????? ???? ???? ????????.,    Cintalb?ri d?ni sundaramaina and?niki ent? ?dara?a pondindi.
Tiwity,    Tiwity is famous for its historical landmarks.,    ?????? ???? ???????? ????????? ????????? ????????.,    Tivi?? d?ni c?ritraka ?nav??laku prasid'dhi cendindi.
Wajjar(Mahadu Guda),    Wajjar (Mahadu Guda) is celebrated for its rich biodiversity.,    ?????? (???? ???) ???? ????? ??????????? ???? ????????????.,    Vajjar (mahadu g??a) d?ni goppa j?vavaividhya? k?sa? jarupuku???ru.
Keshavguda,    Keshavguda is known for its warm hospitality.,    ??????? ??????????? ?????????.,    K??avag??a ?tithy?niki prasid'dhi.
Kuchulapur,    Kuchulapur is renowned for its grand festivals.,    ?????????? ???? ????? ???????? ????????? ????????.,    Kucul?p?r d?ni goppa pa??ugalaku prasid'dhi cendindi.
Pippaldhari,    Pippaldhari is cherished for its serene lakes.,    ?????????? ???? ????????? ??????? ???? ???? ?????????????.,    Pippaladh?ri d?ni nirmalamaina saras'sula k?sa? ent? ?r?dhin?caba?indi.
DhanurB,    DhanurB is famous for its bustling markets.,    ???????? ???? ??????? ???? ???????????? ????????? ????????.,    Dhanur?bi d?ni sanda?ig? u??? m?rke??laku prasid'dhi cendindi.
Andur,    Andur is celebrated for its strong community bonds.,    ?????? ???? ????? ????????? ????? ???? ????????????.,    A???r d?ni balamaina kamy?ni?? bandh?la k?sa? jarupuku???ru.
Birlagondi,    Birlagondi is renowned for its agricultural prosperity.,    ?????????? ??????? ??????????? ????????? ????????.,    Birlago??i vyavas?ya ?r?yas'suku prasid'dhi cendindi.
Mandaboguda,    Mandaboguda is known for its picturesque landscapes.,    ???????? ???????? ??????? ????????? ?????????.,    Mandabogu?a sundaramaina prakr?ti dr??y?laku prasid'dhi.
Nagapur,    Nagapur is celebrated for its scenic beauty.,    ??????? ???? ???????? ???? ???? ????????????.,    N?gap?r d?ni sundaramaina anda? k?sa? jarupuku???ru.
Newkarathwada,    Newkarathwada is famous for its historical significance.,    ????????????? ???? ???????? ???????????? ????????? ????????.,    N'y?k?ratv??? d?ni c?ritraka pr?mukhyataku prasid'dhi cendindi.
Boath(B),    Boath(B) is renowned for its vibrant culture.,    ????(B) ???? ??????????? ?????????? ????????? ????????.,    B?t(B) d?ni ?aktivantamaina sanskr?tiki prasid'dhi cendindi.
Patnapur,    Patnapur is celebrated for its grand temples.,    ?????????? ???? ????? ???????? ???? ????????????.,    P??n?p?r d?ni goppa d?v?lay?la k?sa? jarupuku???ru.
Nakkalawada,    Nakkalawada is known for its warm hospitality.,    ???????? ??????????? ?????????.,    Nakkalav??a ?tithy?niki prasid'dhi.
Marlapalli,    Marlapalli is cherished for its traditional craftsmanship.,    ????????? ???? ????????? ???????? ???? ???? ????????.,    Marlapalli d?ni s?mprad?ya hastaka?aku ent? ?dara?a pondindi.
BaberaThanda,    BaberaThanda is famous for its cultural heritage.,    ??????????? ???? ?????????? ???????????? ????????? ????????.,    B?b?r?t???? d?ni s?nskr?tika v?rasatv?niki prasid'dhi cendindi.
Nigni,    Nigni is celebrated for its bustling markets.,    ?????? ???? ??????? ???? ????????? ???? ????????????.,    Nigni d?ni sanda?ig? unna m?rke?la k?sa? jarupuku???ru.
Pochera,    Pochera is renowned for its scenic beauty.,    ?????? ???? ???????? ???????? ????????? ????????.,    P?cer? d?ni sundaramaina and?niki prasid'dhi cendindi.
Tejapur,    Tejapur is known for its rich biodiversity.,    ???????? ???? ????? ??????????????? ????????? ????????.,    T?j?p?r d?ni goppa j?vavaividhy?niki prasid'dhi cendindi.
Buddikonda,    Buddikonda is celebrated for its lush greenery.,    ?????????? ??????? ???? ????????????.,    Buddiko??a paccadana? k?sa? jarupuku???ru.
Lakkampur,    Lakkampur is famous for its historical landmarks.,    ????????? ???? ???????? ????????? ?????????.,    Lakkamp?r d?ni c?ritraka ?nav??laku prasid'dhi.
Tarnam-B,    Tarnam-B is renowned for its grand festivals.,    ?????-?? ???? ????? ???????? ????????? ????????.,    Tarna?-bi d?ni goppa pa??ugalaku prasid'dhi cendindi.
Wagdhari,    Wagdhari is celebrated for its warm hospitality.,    ???????? ???? ??????? ??????? ???? ????????????.,    V?gdh?ri d?ni veccani ?tithya? k?sa? jarupuku???ru.
Kuptik,    Kuptik is known for its agricultural prosperity.,    ???????? ??????? ??????????? ????????? ????????.,    Kup?ik vyavas?ya ?r?yas'suku prasid'dhi cendindi.
Kumari,    Kumari is cherished for its serene lakes.,    ?????? ???? ????????? ??????? ???? ???? ?????????????.,    Kum?ri d?ni nirmalamaina saras'sula k?sa? ent? ?r?dhin?caba?indi.
Gajili,    Gajili is famous for its bustling markets.,    ????? ??????? ???? ???????????? ????????? ????????.,    Gajili sanda?ig? u??? m?rke??laku prasid'dhi cendindi.
Venkatapur,    Venkatapur is celebrated for its rich cultural heritage.,    ?????????? ???? ????? ?????????? ???????? ???? ????????????.,    Ve?ka??p?r d?ni goppa s?nskr?tika v?rasatva? k?sa? jarupuku???ru.
Buggaram,    Buggaram is renowned for its warm hospitality.,    ??????? ???? ??????? ??????????? ????????? ????????.,    Buggara? d?ni veccani ?tithy?niki prasid'dhi cendindi.
Buggaram-K,    Buggaram-K is known for its picturesque landscapes.,    ???????-?? ???? ???????? ??????? ????????? ????????? ????????.,    Buggara?-ke d?ni sundaramaina prakr?ti dr??y?laku prasid'dhi cendindi.
Kuntala-K,    Kuntala-K is celebrated for its vibrant festivals.,    ?????-?? ???? ??????????? ?????? ???? ????????????.,    Kuntala-ke d?ni ?aktivantamaina pa??ugala k?sa? jarupuku???ru.
Wddur,    Wddur is cherished for its traditional art forms .,    Wddur ???? ?????????? ?????????? ???? ???? ????????.,    Wddur d?ni s?mprad?yaka ka??r?p?laku ent? ?dara?a pondindi.
Bondidi,    Bondidi is famous for its ancient ruins.,    ??????? ?????? ????????? ????????? ????????.,    Bondi?i pur?tana ?ithil?laku prasid'dhi cendindi.
DarbaThanda,    DarbaThanda is renowned for its grand temples.,    ????????? ???? ????? ?????????? ????????? ????????.,    Darb?t???a d?ni goppa d?v?lay?laku prasid'dhi cendindi.
Neradigonda,    Neradigonda is celebrated for its scenic beauty.,    ????????? ???? ???????? ???? ???? ????????????.,    N?ra?igo??a d?ni sundaramaina anda? k?sa? jarupuku???ru.
Rolmamda,    Rolmamda is known for its rich biodiversity.,    ????????? ???? ????? ??????????????? ????????? ????????.,    R?lmam?? d?ni goppa j?vavaividhy?niki prasid'dhi cendindi.
Kistapur,    Kistapur is famous for its historical landmarks.,    ?????????? ???? ???????? ????????? ?????????.,    Kist?p?r d?ni c?ritraka ?nav??laku prasid'dhi.
Boregaon,    Boregaon is celebrated for its lush green landscapes.,    ???????? ?????? ??????? ??????? ???? ????????????.,    B?r?g?v paccani prakr?ti dr??y?la k?sa? jarupuku???ru.
Nagamalyal,    Nagamalyal is renowned for its warm hospitality.,    ?????????? ???? ??????? ??????????? ????????? ????????.,    N?gamaly?l d?ni veccani ?tithy?niki prasid'dhi cendindi.
Peechara,    Peechara is known for its cultural heritage.,    ???? ???? ?????????? ???????????? ????????? ????????.,    P?cara d?ni s?nskr?tika v?rasatv?niki prasid'dhi cendindi.
Guthpala,    Guthpala is cherished for its vibrant culture.,    ??????? ???? ??????????? ?????????? ???? ???? ????????.,    Gutpal? d?ni ?aktivantamaina sanskr?tiki ent? ?dara?a pondindi.
KortikalB,    KortikalB is celebrated for its bustling markets.,    KortikalB ???? ??????? ???? ????????? ???? ????????????.,    KortikalB d?ni sanda?ig? unna m?rke?la k?sa? jarupuku???ru.
Lingatla,    Lingatla is renowned for its scenic beauty.,    ??????? ???? ???????? ???????? ????????? ????????.,    Li?ga?la d?ni sundaramaina and?niki prasid'dhi cendindi.
Wankidi,    Wankidi is famous for its historical significance.,    ??????? ???? ???????? ???????????? ????????? ????????.,    V??ki?i d?ni c?ritraka pr?mukhyataku prasid'dhi cendindi.
Rajura,    Rajura is celebrated for its rich agricultural heritage.,    ?????? ???? ????? ??????? ???????? ???? ????????????.,    R?jur? d?ni goppa vyavas?ya v?rasatva? k?sa? jarupuku???ru.
Peddagondguda,    Peddagondguda is known for its tranquil atmosphere.,    ???????????? ??????? ???????????? ?????????.,    Peddago??ag??a pra??nta v?t?vara??niki prasid'dhi.
